file_id,speaker_id,text_id,flaw_type,start_time,end_time,severity
S01_T01_PACE_FAST,S01,T01,PACE_FAST,5.0,11.667,4
S01_T02_PACE_SLOW,S01,T02,PACE_SLOW,5.0,19.286,2
S01_T03_PAUSE_EXCESS,S01,T03,PAUSE_EXCESS,10.0,12.5,4
S01_T04_MONOTONE,S01,T04,MONOTONE,5.0,15.0,4
S01_T05_VOLUME_DROP,S01,T05,VOLUME_DROP,5.0,15.0,2
S01_T06_CLARITY,S01,T06,CLARITY,5.0,15.0,2
S01_T07_PACE_FAST,S01,T07,PACE_FAST,5.0,11.667,3
S01_T08_MONOTONE,S01,T08,MONOTONE,5.0,15.0,3
S02_T01_PACE_FAST,S02,T01,PACE_FAST,5.0,11.667,3
S02_T02_PACE_SLOW,S02,T02,PACE_SLOW,5.0,19.286,4
S02_T03_PAUSE_EXCESS,S02,T03,PAUSE_EXCESS,10.0,12.5,2
S02_T04_MONOTONE,S02,T04,MONOTONE,5.0,15.0,2
S02_T05_VOLUME_DROP,S02,T05,VOLUME_DROP,5.0,15.0,4
S02_T06_CLARITY,S02,T06,CLARITY,5.0,15.0,2
S02_T07_PACE_FAST,S02,T07,PACE_FAST,5.0,11.667,2
S02_T08_MONOTONE,S02,T08,MONOTONE,5.0,15.0,4
S03_T01_PACE_FAST,S03,T01,PACE_FAST,5.0,11.667,4
S03_T02_PACE_SLOW,S03,T02,PACE_SLOW,5.0,19.286,3
S03_T03_PAUSE_EXCESS,S03,T03,PAUSE_EXCESS,10.0,12.5,2
S04_T01_PACE_FAST,S04,T01,PACE_FAST,5.0,11.667,2
S04_T02_PACE_SLOW,S04,T02,PACE_SLOW,5.0,19.286,2
S04_T03_PAUSE_EXCESS,S04,T03,PAUSE_EXCESS,10.0,12.5,4
S04_T04_MONOTONE,S04,T04,MONOTONE,5.0,15.0,4
S04_T05_VOLUME_DROP,S04,T05,VOLUME_DROP,5.0,15.0,2
