file_id,text_id,speaker_id,quality,duration_s,license,redistributable
S01_T01_GOOD,T01,S01,GOOD,63.133,CC-BY-4.0,true
S01_T02_GOOD,T02,S01,GOOD,62.764,CC-BY-4.0,true
S01_T03_GOOD,T03,S01,GOOD,63.264,CC-BY-4.0,true
S01_T04_GOOD,T04,S01,GOOD,74.834,CC-BY-4.0,true
S01_T05_GOOD,T05,S01,GOOD,67.153,CC-BY-4.0,true
S01_T06_GOOD,T06,S01,GOOD,71.584,CC-BY-4.0,true
S01_T07_GOOD,T07,S01,GOOD,75.624,CC-BY-4.0,true
S01_T08_GOOD,T08,S01,GOOD,71.043,CC-BY-4.0,true
S02_T01_GOOD,T01,S02,GOOD,57.953,CC-BY-4.0,true
S02_T02_GOOD,T02,S02,GOOD,52.733,CC-BY-4.0,true
S02_T03_GOOD,T03,S02,GOOD,50.754,CC-BY-4.0,true
S02_T04_GOOD,T04,S02,GOOD,55.934,CC-BY-4.0,true
S02_T05_GOOD,T05,S02,GOOD,59.773,CC-BY-4.0,true
S02_T06_GOOD,T06,S02,GOOD,64.383,CC-BY-4.0,true
S02_T07_GOOD,T07,S02,GOOD,56.273,CC-BY-4.0,true
S02_T08_GOOD,T08,S02,GOOD,53.553,CC-BY-4.0,true
S03_T01_GOOD,T01,S03,GOOD,50.853,CC-BY-4.0,true
S03_T02_GOOD,T02,S03,GOOD,49.254,CC-BY-4.0,true
S03_T03_GOOD,T03,S03,GOOD,48.563,CC-BY-4.0,true
S04_T01_GOOD,T01,S04,GOOD,50.254,CC-BY-4.0,true
S04_T02_GOOD,T02,S04,GOOD,55.353,CC-BY-4.0,true
S04_T03_GOOD,T03,S04,GOOD,53.273,CC-BY-4.0,true
S04_T04_GOOD,T04,S04,GOOD,58.894,CC-BY-4.0,true
S04_T05_GOOD,T05,S04,GOOD,55.584,CC-BY-4.0,true
