file_id,text_id,source,speaker,variant,severity_level,flaw_types,split,duration_s,license,audio_path,label_path
T1__orig-indianpep__ideal,T1,original,orig-indianpep,ideal,null,,dev,186.50,CC-BY / Public Educational,dataset/audio/ideal/T1__orig-indianpep__ideal.wav,dataset/labels/T1__orig-indianpep__ideal.json
T2__orig-mlk__ideal,T2,original,orig-mlk,ideal,null,,dev,234.05,Public Domain,dataset/audio/ideal/T2__orig-mlk__ideal.wav,dataset/labels/T2__orig-mlk__ideal.json
T3__orig-kalam__ideal,T3,original,orig-kalam,ideal,null,,test,198.88,Public Domain / Educational,dataset/audio/ideal/T3__orig-kalam__ideal.wav,dataset/labels/T3__orig-kalam__ideal.json
T4__orig-lincoln__ideal,T4,original,orig-lincoln,ideal,null,,dev,145.24,Public Domain,dataset/audio/ideal/T4__orig-lincoln__ideal.wav,dataset/labels/T4__orig-lincoln__ideal.json
T1__h-adi__ideal,T1,human,h-adi,ideal,null,,dev,77.30,CC0 / Team SpeechCoach,dataset/audio/human/T1__h-adi__ideal.wav,dataset/labels/T1__h-adi__ideal.json
T1__h-krutika__ideal,T1,human,h-krutika,ideal,null,,dev,75.91,CC0 / Team SpeechCoach,dataset/audio/human/T1__h-krutika__ideal.wav,dataset/labels/T1__h-krutika__ideal.json
T1__h-sagar__take1,T1,human,h-sagar,take1,null,,dev,68.48,CC0 / Team SpeechCoach,dataset/audio/human/T1__h-sagar__take1.wav,dataset/labels/T1__h-sagar__take1.json
T1__h-sagar__take2,T1,human,h-sagar,take2,null,,dev,60.34,CC0 / Team SpeechCoach,dataset/audio/human/T1__h-sagar__take2.wav,dataset/labels/T1__h-sagar__take2.json
T1__synth-orig-indianpep__MONOTONE_L1,T1,synthetic,synth-orig-indianpep,MONOTONE_L1,1,MONOTONE,dev,186.5,Public Domain / CC0 derivative,dataset/audio/synthetic/T1__synth-orig-indianpep__MONOTONE_L1.wav,dataset/labels/T1__synth-orig-indianpep__MONOTONE_L1.json
T1__synth-orig-indianpep__MONOTONE_L3,T1,synthetic,synth-orig-indianpep,MONOTONE_L3,3,MONOTONE,dev,186.5,Public Domain / CC0 derivative,dataset/audio/synthetic/T1__synth-orig-indianpep__MONOTONE_L3.wav,dataset/labels/T1__synth-orig-indianpep__MONOTONE_L3.json
T1__synth-orig-indianpep__MONOTONE_L5,T1,synthetic,synth-orig-indianpep,MONOTONE_L5,5,MONOTONE,dev,186.5,Public Domain / CC0 derivative,dataset/audio/synthetic/T1__synth-orig-indianpep__MONOTONE_L5.wav,dataset/labels/T1__synth-orig-indianpep__MONOTONE_L5.json
T1__synth-orig-indianpep__PACE_FAST_L1,T1,synthetic,synth-orig-indianpep,PACE_FAST_L1,1,PACE_FAST,dev,184.8,Public Domain / CC0 derivative,dataset/audio/synthetic/T1__synth-orig-indianpep__PACE_FAST_L1.wav,dataset/labels/T1__synth-orig-indianpep__PACE_FAST_L1.json
T1__synth-orig-indianpep__PACE_FAST_L2,T1,synthetic,synth-orig-indianpep,PACE_FAST_L2,2,PACE_FAST,dev,181.69,Public Domain / CC0 derivative,dataset/audio/synthetic/T1__synth-orig-indianpep__PACE_FAST_L2.wav,dataset/labels/T1__synth-orig-indianpep__PACE_FAST_L2.json
T1__synth-orig-indianpep__PACE_FAST_L3,T1,synthetic,synth-orig-indianpep,PACE_FAST_L3,3,PACE_FAST,dev,174.19,Public Domain / CC0 derivative,dataset/audio/synthetic/T1__synth-orig-indianpep__PACE_FAST_L3.wav,dataset/labels/T1__synth-orig-indianpep__PACE_FAST_L3.json
T1__synth-orig-indianpep__PACE_FAST_L4,T1,synthetic,synth-orig-indianpep,PACE_FAST_L4,4,PACE_FAST,dev,159.69,Public Domain / CC0 derivative,dataset/audio/synthetic/T1__synth-orig-indianpep__PACE_FAST_L4.wav,dataset/labels/T1__synth-orig-indianpep__PACE_FAST_L4.json
T1__synth-orig-indianpep__PACE_FAST_L5,T1,synthetic,synth-orig-indianpep,PACE_FAST_L5,5,PACE_FAST,dev,128.41,Public Domain / CC0 derivative,dataset/audio/synthetic/T1__synth-orig-indianpep__PACE_FAST_L5.wav,dataset/labels/T1__synth-orig-indianpep__PACE_FAST_L5.json
T1__synth-orig-indianpep__PACE_SLOW_L1,T1,synthetic,synth-orig-indianpep,PACE_SLOW_L1,1,PACE_SLOW,dev,188.22,Public Domain / CC0 derivative,dataset/audio/synthetic/T1__synth-orig-indianpep__PACE_SLOW_L1.wav,dataset/labels/T1__synth-orig-indianpep__PACE_SLOW_L1.json
T1__synth-orig-indianpep__PACE_SLOW_L3,T1,synthetic,synth-orig-indianpep,PACE_SLOW_L3,3,PACE_SLOW,dev,205.54,Public Domain / CC0 derivative,dataset/audio/synthetic/T1__synth-orig-indianpep__PACE_SLOW_L3.wav,dataset/labels/T1__synth-orig-indianpep__PACE_SLOW_L3.json
T1__synth-orig-indianpep__PACE_SLOW_L5,T1,synthetic,synth-orig-indianpep,PACE_SLOW_L5,5,PACE_SLOW,dev,346.24,Public Domain / CC0 derivative,dataset/audio/synthetic/T1__synth-orig-indianpep__PACE_SLOW_L5.wav,dataset/labels/T1__synth-orig-indianpep__PACE_SLOW_L5.json
T1__synth-orig-indianpep__resynth_control,T1,synthetic,synth-orig-indianpep,resynth_control,0,,dev,186.5,Public Domain / CC0 derivative,dataset/audio/synthetic/T1__synth-orig-indianpep__resynth_control.wav,dataset/labels/T1__synth-orig-indianpep__resynth_control.json
T1__synth-orig-indianpep__VOLUME_DROP_L1,T1,synthetic,synth-orig-indianpep,VOLUME_DROP_L1,1,VOLUME_DROP,dev,186.5,Public Domain / CC0 derivative,dataset/audio/synthetic/T1__synth-orig-indianpep__VOLUME_DROP_L1.wav,dataset/labels/T1__synth-orig-indianpep__VOLUME_DROP_L1.json
T1__synth-orig-indianpep__VOLUME_DROP_L3,T1,synthetic,synth-orig-indianpep,VOLUME_DROP_L3,3,VOLUME_DROP,dev,186.5,Public Domain / CC0 derivative,dataset/audio/synthetic/T1__synth-orig-indianpep__VOLUME_DROP_L3.wav,dataset/labels/T1__synth-orig-indianpep__VOLUME_DROP_L3.json
T1__synth-orig-indianpep__VOLUME_DROP_L5,T1,synthetic,synth-orig-indianpep,VOLUME_DROP_L5,5,VOLUME_DROP,dev,186.5,Public Domain / CC0 derivative,dataset/audio/synthetic/T1__synth-orig-indianpep__VOLUME_DROP_L5.wav,dataset/labels/T1__synth-orig-indianpep__VOLUME_DROP_L5.json
T4__synth-orig-lincoln__MONOTONE_L1,T4,synthetic,synth-orig-lincoln,MONOTONE_L1,1,MONOTONE,dev,145.24,Public Domain / CC0 derivative,dataset/audio/synthetic/T4__synth-orig-lincoln__MONOTONE_L1.wav,dataset/labels/T4__synth-orig-lincoln__MONOTONE_L1.json
T4__synth-orig-lincoln__MONOTONE_L3,T4,synthetic,synth-orig-lincoln,MONOTONE_L3,3,MONOTONE,dev,145.24,Public Domain / CC0 derivative,dataset/audio/synthetic/T4__synth-orig-lincoln__MONOTONE_L3.wav,dataset/labels/T4__synth-orig-lincoln__MONOTONE_L3.json
T4__synth-orig-lincoln__MONOTONE_L5,T4,synthetic,synth-orig-lincoln,MONOTONE_L5,5,MONOTONE,dev,145.24,Public Domain / CC0 derivative,dataset/audio/synthetic/T4__synth-orig-lincoln__MONOTONE_L5.wav,dataset/labels/T4__synth-orig-lincoln__MONOTONE_L5.json
T4__synth-orig-lincoln__PACE_FAST_L1,T4,synthetic,synth-orig-lincoln,PACE_FAST_L1,1,PACE_FAST,dev,143.88,Public Domain / CC0 derivative,dataset/audio/synthetic/T4__synth-orig-lincoln__PACE_FAST_L1.wav,dataset/labels/T4__synth-orig-lincoln__PACE_FAST_L1.json
T4__synth-orig-lincoln__PACE_FAST_L2,T4,synthetic,synth-orig-lincoln,PACE_FAST_L2,2,PACE_FAST,dev,141.6,Public Domain / CC0 derivative,dataset/audio/synthetic/T4__synth-orig-lincoln__PACE_FAST_L2.wav,dataset/labels/T4__synth-orig-lincoln__PACE_FAST_L2.json
T4__synth-orig-lincoln__PACE_FAST_L3,T4,synthetic,synth-orig-lincoln,PACE_FAST_L3,3,PACE_FAST,dev,135.81,Public Domain / CC0 derivative,dataset/audio/synthetic/T4__synth-orig-lincoln__PACE_FAST_L3.wav,dataset/labels/T4__synth-orig-lincoln__PACE_FAST_L3.json
T4__synth-orig-lincoln__PACE_FAST_L4,T4,synthetic,synth-orig-lincoln,PACE_FAST_L4,4,PACE_FAST,dev,124.56,Public Domain / CC0 derivative,dataset/audio/synthetic/T4__synth-orig-lincoln__PACE_FAST_L4.wav,dataset/labels/T4__synth-orig-lincoln__PACE_FAST_L4.json
T4__synth-orig-lincoln__PACE_FAST_L5,T4,synthetic,synth-orig-lincoln,PACE_FAST_L5,5,PACE_FAST,dev,100.01,Public Domain / CC0 derivative,dataset/audio/synthetic/T4__synth-orig-lincoln__PACE_FAST_L5.wav,dataset/labels/T4__synth-orig-lincoln__PACE_FAST_L5.json
T4__synth-orig-lincoln__PACE_SLOW_L1,T4,synthetic,synth-orig-lincoln,PACE_SLOW_L1,1,PACE_SLOW,dev,146.52,Public Domain / CC0 derivative,dataset/audio/synthetic/T4__synth-orig-lincoln__PACE_SLOW_L1.wav,dataset/labels/T4__synth-orig-lincoln__PACE_SLOW_L1.json
T4__synth-orig-lincoln__PACE_SLOW_L3,T4,synthetic,synth-orig-lincoln,PACE_SLOW_L3,3,PACE_SLOW,dev,159.38,Public Domain / CC0 derivative,dataset/audio/synthetic/T4__synth-orig-lincoln__PACE_SLOW_L3.wav,dataset/labels/T4__synth-orig-lincoln__PACE_SLOW_L3.json
T4__synth-orig-lincoln__PACE_SLOW_L5,T4,synthetic,synth-orig-lincoln,PACE_SLOW_L5,5,PACE_SLOW,dev,270.54,Public Domain / CC0 derivative,dataset/audio/synthetic/T4__synth-orig-lincoln__PACE_SLOW_L5.wav,dataset/labels/T4__synth-orig-lincoln__PACE_SLOW_L5.json
T4__synth-orig-lincoln__resynth_control,T4,synthetic,synth-orig-lincoln,resynth_control,0,,dev,145.24,Public Domain / CC0 derivative,dataset/audio/synthetic/T4__synth-orig-lincoln__resynth_control.wav,dataset/labels/T4__synth-orig-lincoln__resynth_control.json
T4__synth-orig-lincoln__VOLUME_DROP_L1,T4,synthetic,synth-orig-lincoln,VOLUME_DROP_L1,1,VOLUME_DROP,dev,145.24,Public Domain / CC0 derivative,dataset/audio/synthetic/T4__synth-orig-lincoln__VOLUME_DROP_L1.wav,dataset/labels/T4__synth-orig-lincoln__VOLUME_DROP_L1.json
T4__synth-orig-lincoln__VOLUME_DROP_L3,T4,synthetic,synth-orig-lincoln,VOLUME_DROP_L3,3,VOLUME_DROP,dev,145.24,Public Domain / CC0 derivative,dataset/audio/synthetic/T4__synth-orig-lincoln__VOLUME_DROP_L3.wav,dataset/labels/T4__synth-orig-lincoln__VOLUME_DROP_L3.json
T4__synth-orig-lincoln__VOLUME_DROP_L5,T4,synthetic,synth-orig-lincoln,VOLUME_DROP_L5,5,VOLUME_DROP,dev,145.24,Public Domain / CC0 derivative,dataset/audio/synthetic/T4__synth-orig-lincoln__VOLUME_DROP_L5.wav,dataset/labels/T4__synth-orig-lincoln__VOLUME_DROP_L5.json
